{"cameraMode":{"drawMode":0,"name":"Shaded","section":"Shading Mode"},"sceneLighting":true,"audioPlay":false,"sceneViewState":{"showFog":true,"showMaterialUpdate":false,"showSkybox":true,"showFlares":true,"showImageEffects":true,"showParticleSystems":true},"in2DMode":false,"pivot":{"x":-2.6310813426971437,"y":7.716925621032715,"z":13.63610553741455},"rotation":{"x":-0.0014309555990621448,"y":0.976440966129303,"z":-0.21610794961452485,"w":-0.007117462810128927},"size":1.2405949831008912,"orthographic":false}