{"cameraMode":{"drawMode":0,"name":"Shaded","section":"Shading Mode"},"sceneLighting":true,"audioPlay":false,"sceneViewState":{"showFog":true,"showMaterialUpdate":false,"showSkybox":true,"showFlares":true,"showImageEffects":true,"showParticleSystems":true},"in2DMode":false,"pivot":{"x":2.7813992500305177,"y":0.7286453247070313,"z":-6.638396263122559},"rotation":{"x":0.04618747904896736,"y":0.9409976005554199,"z":-0.3037920892238617,"w":0.1423761397600174},"size":8.341818809509278,"orthographic":false}