{"cameraMode":{"drawMode":0,"name":"Shaded","section":"Shading Mode"},"sceneLighting":true,"audioPlay":false,"sceneViewState":{"showFog":false,"showMaterialUpdate":false,"showSkybox":false,"showFlares":false,"showImageEffects":false,"showParticleSystems":false},"in2DMode":false,"pivot":{"x":-2.1268341541290285,"y":2.5579919815063478,"z":3.3057193756103517},"rotation":{"x":-0.033586371690034869,"y":-0.9167928099632263,"z":0.3916332721710205,"w":-0.075739786028862},"size":3.3185107707977297,"orthographic":false}