{"cameraMode":{"drawMode":0,"name":"Shaded","section":"Shading Mode"},"sceneLighting":true,"audioPlay":false,"sceneViewState":{"showFog":false,"showMaterialUpdate":false,"showSkybox":true,"showFlares":false,"showImageEffects":false,"showParticleSystems":false},"in2DMode":false,"pivot":{"x":-0.2973213195800781,"y":0.0019047260284423829,"z":1.3186806440353394},"rotation":{"x":-0.1816919445991516,"y":0.44810110330581667,"z":-0.09355586767196655,"w":-0.8703386783599854},"size":5.481434345245361,"orthographic":false}