{"cameraMode":{"drawMode":0,"name":"Shaded","section":"Shading Mode"},"sceneLighting":true,"audioPlay":false,"sceneViewState":{"showFog":false,"showMaterialUpdate":false,"showSkybox":true,"showFlares":false,"showImageEffects":false,"showParticleSystems":false},"in2DMode":false,"pivot":{"x":0.9969795942306519,"y":2.7701590061187746,"z":-0.5990943908691406},"rotation":{"x":-0.2519015967845917,"y":-0.3056005537509918,"z":0.08416549861431122,"w":-0.9143956303596497},"size":3.12632417678833,"orthographic":false}