{"cameraMode":{"drawMode":0,"name":"Shaded","section":"Shading Mode"},"sceneLighting":true,"audioPlay":false,"sceneViewState":{"showFog":false,"showMaterialUpdate":false,"showSkybox":true,"showFlares":false,"showImageEffects":false,"showParticleSystems":false},"in2DMode":false,"pivot":{"x":-4.974340438842773,"y":-17.00414276123047,"z":28.206748962402345},"rotation":{"x":0.31520864367485049,"y":-0.06023252382874489,"z":0.02004079706966877,"w":0.9470181465148926},"size":35.27117919921875,"orthographic":false}