{"cameraMode":{"drawMode":0,"name":"Shaded","section":"Shading Mode"},"sceneLighting":true,"audioPlay":false,"sceneViewState":{"showFog":false,"showMaterialUpdate":false,"showSkybox":false,"showFlares":false,"showImageEffects":false,"showParticleSystems":false},"in2DMode":false,"pivot":{"x":46.44443130493164,"y":-75.45052337646485,"z":-88.83611297607422},"rotation":{"x":-0.0749422162771225,"y":-0.9225746989250183,"z":0.300990492105484,"w":-0.23039986193180085},"size":70.79002380371094,"orthographic":false}