{"cameraMode":{"drawMode":0,"name":"Shaded","section":"Shading Mode"},"sceneLighting":false,"audioPlay":false,"sceneViewState":{"showFog":true,"showMaterialUpdate":false,"showSkybox":false,"showFlares":true,"showImageEffects":true,"showParticleSystems":true},"in2DMode":false,"pivot":{"x":-6.647007465362549,"y":-5.037986755371094,"z":-17.760971069335939},"rotation":{"x":0.03285355120897293,"y":-0.9671417474746704,"z":0.1808101087808609,"w":0.17605897784233094},"size":22.0,"orthographic":false}