{"cameraMode":{"drawMode":0,"name":"Shaded","section":"Shading Mode"},"sceneLighting":true,"audioPlay":false,"sceneViewState":{"showFog":false,"showMaterialUpdate":false,"showSkybox":false,"showFlares":false,"showImageEffects":false,"showParticleSystems":false},"in2DMode":false,"pivot":{"x":1.8982621431350709,"y":2.878357410430908,"z":2.557530403137207},"rotation":{"x":-0.22861146926879884,"y":0.6230118870735169,"z":-0.19899946451187135,"w":-0.7216474413871765},"size":2.829460382461548,"orthographic":false}