{"cameraMode":{"drawMode":0,"name":"Shaded","section":"Shading Mode"},"sceneLighting":true,"audioPlay":false,"sceneViewState":{"showFog":false,"showMaterialUpdate":false,"showSkybox":false,"showFlares":false,"showImageEffects":false,"showParticleSystems":false},"in2DMode":false,"pivot":{"x":1.7555056810379029,"y":-2.808401584625244,"z":0.22169195115566255},"rotation":{"x":-0.24114468693733216,"y":-0.715633749961853,"z":0.2926774322986603,"w":-0.587186872959137},"size":9.918721199035645,"orthographic":false}