{"cameraMode":{"drawMode":0,"name":"Shaded","section":"Shading Mode"},"sceneLighting":true,"audioPlay":false,"sceneViewState":{"showFog":false,"showMaterialUpdate":false,"showSkybox":false,"showFlares":false,"showImageEffects":false,"showParticleSystems":false},"in2DMode":false,"pivot":{"x":-4.95201301574707,"y":-1.9042119979858399,"z":-0.35157477855682375},"rotation":{"x":0.1341419816017151,"y":-0.8449978232383728,"z":0.25244882702827456,"w":0.4527670443058014},"size":9.918721199035645,"orthographic":false}