{"cameraMode":{"drawMode":0,"name":"Shaded","section":"Shading Mode"},"sceneLighting":true,"audioPlay":false,"sceneViewState":{"showFog":false,"showMaterialUpdate":false,"showSkybox":false,"showFlares":false,"showImageEffects":false,"showParticleSystems":false},"in2DMode":false,"pivot":{"x":-50.62770080566406,"y":6.430578708648682,"z":0.5415458083152771},"rotation":{"x":0.10184790194034577,"y":0.8392367362976074,"z":-0.1686461716890335,"w":0.5068366527557373},"size":0.3194403052330017,"orthographic":false}