{"cameraMode":{"drawMode":0,"name":"Shaded","section":"Shading Mode"},"sceneLighting":true,"audioPlay":false,"sceneViewState":{"showFog":false,"showMaterialUpdate":false,"showSkybox":false,"showFlares":false,"showImageEffects":false,"showParticleSystems":false},"in2DMode":false,"pivot":{"x":-11.295171737670899,"y":1.3142592906951905,"z":-3.940005302429199},"rotation":{"x":0.05610968545079231,"y":-0.9310532808303833,"z":0.1610019952058792,"w":0.32307109236717226},"size":8.024505615234375,"orthographic":false}