{"cameraMode":{"drawMode":0,"name":"Shaded","section":"Shading Mode"},"sceneLighting":true,"audioPlay":false,"sceneViewState":{"showFog":false,"showMaterialUpdate":false,"showSkybox":false,"showFlares":false,"showImageEffects":false,"showParticleSystems":false},"in2DMode":false,"pivot":{"x":2.136523485183716,"y":1.08131742477417,"z":0.06129521131515503},"rotation":{"x":0.18144084513187409,"y":0.7503629326820374,"z":-0.23005367815494538,"w":0.592805027961731},"size":4.23521614074707,"orthographic":false}