{"cameraMode":{"drawMode":0,"name":"Shaded","section":"Shading Mode"},"sceneLighting":true,"audioPlay":false,"sceneViewState":{"showFog":false,"showMaterialUpdate":false,"showSkybox":false,"showFlares":false,"showImageEffects":false,"showParticleSystems":false},"in2DMode":false,"pivot":{"x":1.2907683849334717,"y":0.9420918226242065,"z":3.3536226749420168},"rotation":{"x":0.19135616719722749,"y":0.5773518085479736,"z":-0.1392161250114441,"w":0.7819381952285767},"size":3.3185107707977297,"orthographic":false}