{"cameraMode":{"drawMode":0,"name":"Shaded","section":"Shading Mode"},"sceneLighting":true,"audioPlay":false,"sceneViewState":{"showFog":false,"showMaterialUpdate":false,"showSkybox":false,"showFlares":false,"showImageEffects":false,"showParticleSystems":false},"in2DMode":false,"pivot":{"x":0.9119510650634766,"y":2.7414066791534426,"z":1.0782960653305054},"rotation":{"x":0.19654452800750733,"y":0.6895709037780762,"z":-0.1996549367904663,"w":0.6686099171638489},"size":3.5156707763671877,"orthographic":false}