{"cameraMode":{"drawMode":0,"name":"Shaded","section":"Shading Mode"},"sceneLighting":true,"audioPlay":false,"sceneViewState":{"showFog":false,"showMaterialUpdate":false,"showSkybox":false,"showFlares":false,"showImageEffects":false,"showParticleSystems":false},"in2DMode":false,"pivot":{"x":-1.1082725524902344,"y":2.4062628746032717,"z":2.925447463989258},"rotation":{"x":-0.14318084716796876,"y":0.8559362888336182,"z":-0.35116681456565859,"w":-0.35261037945747378},"size":2.829460382461548,"orthographic":false}