{"cameraMode":{"drawMode":0,"name":"Shaded","section":"Shading Mode"},"sceneLighting":true,"audioPlay":false,"sceneViewState":{"showFog":false,"showMaterialUpdate":false,"showSkybox":false,"showFlares":false,"showImageEffects":false,"showParticleSystems":false},"in2DMode":false,"pivot":{"x":-3.715876579284668,"y":3.771819829940796,"z":-1.2403273582458497},"rotation":{"x":-0.10654046386480332,"y":-0.8850158452987671,"z":0.3840861916542053,"w":-0.24216991662979127},"size":3.3185107707977297,"orthographic":false}