{"cameraMode":{"drawMode":0,"name":"Shaded","section":"Shading Mode"},"sceneLighting":true,"audioPlay":false,"sceneViewState":{"showFog":false,"showMaterialUpdate":false,"showSkybox":false,"showFlares":false,"showImageEffects":false,"showParticleSystems":false},"in2DMode":false,"pivot":{"x":-1.771263599395752,"y":-1.4062614440917969,"z":-1.5416274070739747},"rotation":{"x":0.05624670907855034,"y":-0.9280946850776672,"z":0.3324766457080841,"w":0.16025491058826447},"size":9.918721199035645,"orthographic":false}