{"cameraMode":{"drawMode":0,"name":"Shaded","section":"Shading Mode"},"sceneLighting":true,"audioPlay":false,"sceneViewState":{"showFog":false,"showMaterialUpdate":false,"showSkybox":true,"showFlares":false,"showImageEffects":false,"showParticleSystems":false},"in2DMode":false,"pivot":{"x":-2.4971842765808107,"y":2.8508198261260988,"z":4.372382164001465},"rotation":{"x":0.014192539267241955,"y":-0.9478909373283386,"z":0.3155006468296051,"w":0.042744871228933337},"size":3.4294607639312746,"orthographic":false}