{"cameraMode":{"drawMode":0,"name":"Shaded","section":"Shading Mode"},"sceneLighting":true,"audioPlay":false,"sceneViewState":{"showFog":false,"showMaterialUpdate":false,"showSkybox":false,"showFlares":false,"showImageEffects":false,"showParticleSystems":false},"in2DMode":false,"pivot":{"x":0.0029664039611816408,"y":-0.07999999821186066,"z":-2.550031900405884},"rotation":{"x":-0.08382075279951096,"y":-0.9122375249862671,"z":0.3222065567970276,"w":-0.23989062011241914},"size":1.3361706733703614,"orthographic":true}