{"cameraMode":{"drawMode":0,"name":"Shaded","section":"Shading Mode"},"sceneLighting":true,"audioPlay":false,"sceneViewState":{"showFog":false,"showMaterialUpdate":false,"showSkybox":false,"showFlares":false,"showImageEffects":false,"showParticleSystems":false},"in2DMode":false,"pivot":{"x":-1.3914387226104737,"y":1.6784721612930298,"z":2.5928659439086916},"rotation":{"x":-0.03794663026928902,"y":0.9397004246711731,"z":-0.32080888748168948,"w":-0.11574295163154602},"size":2.829460382461548,"orthographic":false}