{"cameraMode":{"drawMode":0,"name":"Shaded","section":"Shading Mode"},"sceneLighting":true,"audioPlay":false,"sceneViewState":{"showFog":false,"showMaterialUpdate":false,"showSkybox":false,"showFlares":false,"showImageEffects":false,"showParticleSystems":false},"in2DMode":false,"pivot":{"x":-0.8348788619041443,"y":4.360624313354492,"z":-2.2073538303375246},"rotation":{"x":0.42029356956481936,"y":0.20156832039356233,"z":-0.09635045379400253,"w":0.8794733881950378},"size":3.4294610023498537,"orthographic":false}