{"cameraMode":{"drawMode":0,"name":"Shaded","section":"Shading Mode"},"sceneLighting":true,"audioPlay":false,"sceneViewState":{"showFog":false,"showMaterialUpdate":false,"showSkybox":false,"showFlares":false,"showImageEffects":false,"showParticleSystems":false},"in2DMode":false,"pivot":{"x":-0.0005154430982656777,"y":3.1910781860351564,"z":1.2412893772125245},"rotation":{"x":-0.003398055210709572,"y":0.9915093779563904,"z":-0.12892486155033112,"w":-0.024208547547459604},"size":0.6776347160339356,"orthographic":false}