{"cameraMode":{"drawMode":0,"name":"Shaded","section":"Shading Mode"},"sceneLighting":true,"audioPlay":false,"sceneViewState":{"showFog":false,"showMaterialUpdate":false,"showSkybox":false,"showFlares":false,"showImageEffects":false,"showParticleSystems":false},"in2DMode":false,"pivot":{"x":-4.878296852111816,"y":-0.4928200840950012,"z":-0.4149961471557617},"rotation":{"x":0.10260631144046784,"y":-0.8928617835044861,"z":0.26374226808547976,"w":0.35136154294013979},"size":9.918721199035645,"orthographic":false}