{"cameraMode":{"drawMode":0,"name":"Shaded","section":"Shading Mode"},"sceneLighting":true,"audioPlay":false,"sceneViewState":{"showFog":false,"showMaterialUpdate":false,"showSkybox":true,"showFlares":false,"showImageEffects":false,"showParticleSystems":false},"in2DMode":false,"pivot":{"x":-0.27513790130615237,"y":0.8494843244552612,"z":1.7447060346603394},"rotation":{"x":-0.1478060930967331,"y":0.5151686668395996,"z":-0.09073033183813095,"w":-0.8393867611885071},"size":3.12632417678833,"orthographic":false}