{"cameraMode":{"drawMode":0,"name":"Shaded","section":"Shading Mode"},"sceneLighting":true,"audioPlay":false,"sceneViewState":{"showFog":false,"showMaterialUpdate":false,"showSkybox":false,"showFlares":false,"showImageEffects":false,"showParticleSystems":false},"in2DMode":false,"pivot":{"x":-6.013749122619629,"y":-2.671347141265869,"z":6.859075546264648},"rotation":{"x":0.2030828297138214,"y":-0.403361052274704,"z":0.09330269694328308,"w":0.8877467513084412},"size":9.918721199035645,"orthographic":false}