{"cameraMode":{"drawMode":0,"name":"Shaded","section":"Shading Mode"},"sceneLighting":true,"audioPlay":false,"sceneViewState":{"showFog":false,"showMaterialUpdate":false,"showSkybox":false,"showFlares":false,"showImageEffects":false,"showParticleSystems":false},"in2DMode":false,"pivot":{"x":-1.2395350933074952,"y":0.7825851440429688,"z":1.733562707901001},"rotation":{"x":0.06608279049396515,"y":-0.9320252537727356,"z":0.27517589926719668,"w":0.22801707684993745},"size":3.3185107707977297,"orthographic":false}