{"cameraMode":{"drawMode":0,"name":"Shaded","section":"Shading Mode"},"sceneLighting":true,"audioPlay":false,"sceneViewState":{"showFog":false,"showMaterialUpdate":false,"showSkybox":false,"showFlares":false,"showImageEffects":false,"showParticleSystems":false},"in2DMode":false,"pivot":{"x":0.4209514856338501,"y":2.2496321201324465,"z":0.6738356947898865},"rotation":{"x":0.07942347973585129,"y":0.9176411032676697,"z":-0.2351771593093872,"w":0.31084784865379336},"size":0.6776347160339356,"orthographic":false}