{"cameraMode":{"drawMode":0,"name":"Shaded","section":"Shading Mode"},"sceneLighting":true,"audioPlay":false,"sceneViewState":{"showFog":false,"showMaterialUpdate":false,"showSkybox":false,"showFlares":false,"showImageEffects":false,"showParticleSystems":false},"in2DMode":false,"pivot":{"x":-14.258819580078125,"y":3.7048206329345705,"z":1.504811406135559},"rotation":{"x":0.05298548936843872,"y":0.9126428365707398,"z":-0.3866470754146576,"w":0.12363161891698837},"size":4.286081790924072,"orthographic":false}