{"cameraMode":{"drawMode":0,"name":"Shaded","section":"Shading Mode"},"sceneLighting":true,"audioPlay":false,"sceneViewState":{"showFog":false,"showMaterialUpdate":false,"showSkybox":false,"showFlares":false,"showImageEffects":false,"showParticleSystems":false},"in2DMode":false,"pivot":{"x":-0.3598538637161255,"y":2.0043628215789797,"z":2.7875916957855226},"rotation":{"x":0.3775300681591034,"y":0.3584858477115631,"z":-0.15894615650177003,"w":0.8394842743873596},"size":3.5156707763671877,"orthographic":false}