{"cameraMode":{"drawMode":0,"name":"Shaded","section":"Shading Mode"},"sceneLighting":false,"audioPlay":false,"sceneViewState":{"showFog":true,"showMaterialUpdate":false,"showSkybox":false,"showFlares":true,"showImageEffects":true,"showParticleSystems":true},"in2DMode":false,"pivot":{"x":-0.11529161036014557,"y":3.4406538009643556,"z":2.071183681488037},"rotation":{"x":-0.0003073055122513324,"y":-0.9997870326042175,"z":-0.013188262470066548,"w":0.01955578103661537},"size":-0.7583412528038025,"orthographic":false}