{"cameraMode":{"drawMode":0,"name":"Shaded","section":"Shading Mode"},"sceneLighting":true,"audioPlay":false,"sceneViewState":{"showFog":false,"showMaterialUpdate":false,"showSkybox":false,"showFlares":false,"showImageEffects":false,"showParticleSystems":false},"in2DMode":false,"pivot":{"x":1.8743230104446412,"y":3.3420422077178957,"z":1.889440655708313},"rotation":{"x":-0.09413769096136093,"y":0.9034251570701599,"z":-0.25609514117240908,"w":-0.33118736743927},"size":0.6776347160339356,"orthographic":false}