{"cameraMode":{"drawMode":0,"name":"Shaded","section":"Shading Mode"},"sceneLighting":true,"audioPlay":false,"sceneViewState":{"showFog":false,"showMaterialUpdate":false,"showSkybox":false,"showFlares":false,"showImageEffects":false,"showParticleSystems":false},"in2DMode":false,"pivot":{"x":-1.3685752153396607,"y":2.6695973873138429,"z":0.37384673953056338},"rotation":{"x":-0.2955615222454071,"y":0.13855868577957154,"z":-0.04341090843081474,"w":-0.9444093108177185},"size":3.1294610500335695,"orthographic":false}