{"cameraMode":{"drawMode":0,"name":"Shaded","section":"Shading Mode"},"sceneLighting":true,"audioPlay":false,"sceneViewState":{"showFog":false,"showMaterialUpdate":false,"showSkybox":true,"showFlares":false,"showImageEffects":false,"showParticleSystems":false},"in2DMode":false,"pivot":{"x":-3.86246395111084,"y":0.0629417896270752,"z":3.425314426422119},"rotation":{"x":0.37488216161727908,"y":0.11309816688299179,"z":-0.04611702635884285,"w":0.9190190434455872},"size":3.12632417678833,"orthographic":false}