{"cameraMode":{"drawMode":0,"name":"Shaded","section":"Shading Mode"},"sceneLighting":true,"audioPlay":false,"sceneViewState":{"showFog":false,"showMaterialUpdate":false,"showSkybox":false,"showFlares":false,"showImageEffects":false,"showParticleSystems":false},"in2DMode":false,"pivot":{"x":-1.3535256385803223,"y":1.7336803674697877,"z":0.5202908515930176},"rotation":{"x":0.025257829576730729,"y":0.9545653462409973,"z":-0.28465601801872256,"w":0.08468504250049591},"size":3.351165533065796,"orthographic":false}