{"cameraMode":{"drawMode":0,"name":"Shaded","section":"Shading Mode"},"sceneLighting":true,"audioPlay":false,"sceneViewState":{"showFog":false,"showMaterialUpdate":false,"showSkybox":false,"showFlares":false,"showImageEffects":false,"showParticleSystems":false},"in2DMode":false,"pivot":{"x":-10.051973342895508,"y":3.447844982147217,"z":-0.36612534523010256},"rotation":{"x":0.015284957364201546,"y":0.935385525226593,"z":-0.3517620861530304,"w":0.03974735736846924},"size":4.041658401489258,"orthographic":false}