{"cameraMode":{"drawMode":0,"name":"Shaded","section":"Shading Mode"},"sceneLighting":true,"audioPlay":false,"sceneViewState":{"showFog":false,"showMaterialUpdate":false,"showSkybox":false,"showFlares":false,"showImageEffects":false,"showParticleSystems":false},"in2DMode":false,"pivot":{"x":-31.509490966796876,"y":-3.8823719024658205,"z":5.832573413848877},"rotation":{"x":0.10732574015855789,"y":-0.5313873887062073,"z":0.06880825012922287,"w":0.8377338647842407},"size":21.9554500579834,"orthographic":false}