{"cameraMode":{"drawMode":0,"name":"Shaded","section":"Shading Mode"},"sceneLighting":true,"audioPlay":false,"sceneViewState":{"showFog":false,"showMaterialUpdate":false,"showSkybox":false,"showFlares":false,"showImageEffects":false,"showParticleSystems":false},"in2DMode":false,"pivot":{"x":-13.033195495605469,"y":1.445539951324463,"z":-4.838761806488037},"rotation":{"x":0.002364284126088023,"y":-0.9947230815887451,"z":0.10063490271568299,"w":0.029164830222725869},"size":4.041658401489258,"orthographic":false}