{"cameraMode":{"drawMode":0,"name":"Shaded","section":"Shading Mode"},"sceneLighting":true,"audioPlay":false,"sceneViewState":{"showFog":false,"showMaterialUpdate":false,"showSkybox":false,"showFlares":false,"showImageEffects":false,"showParticleSystems":false},"in2DMode":false,"pivot":{"x":-9.008352279663086,"y":-0.3516805171966553,"z":-5.934652805328369},"rotation":{"x":-0.06243397668004036,"y":-0.8850147724151611,"z":0.12460950762033463,"w":-0.4445439875125885},"size":8.002074241638184,"orthographic":false}