{"cameraMode":{"drawMode":0,"name":"Shaded","section":"Shading Mode"},"sceneLighting":false,"audioPlay":false,"sceneViewState":{"showFog":true,"showMaterialUpdate":false,"showSkybox":false,"showFlares":true,"showImageEffects":true,"showParticleSystems":true},"in2DMode":false,"pivot":{"x":-0.4745694398880005,"y":1.7385830879211426,"z":0.6009796261787415},"rotation":{"x":0.15451020002365113,"y":-0.7753286361694336,"z":-0.20813116431236268,"w":-0.5760222673416138},"size":0.7416588664054871,"orthographic":false}