{"cameraMode":{"drawMode":0,"name":"Shaded","section":"Shading Mode"},"sceneLighting":false,"audioPlay":false,"sceneViewState":{"showFog":true,"showMaterialUpdate":false,"showSkybox":false,"showFlares":true,"showImageEffects":true,"showParticleSystems":true},"in2DMode":false,"pivot":{"x":511.543212890625,"y":376.6187744140625,"z":-42.5},"rotation":{"x":-0.3049938976764679,"y":-0.048228681087493899,"z":0.014773713424801827,"w":-0.9513199925422669},"size":909.0380249023438,"orthographic":false}