{"cameraMode":{"drawMode":0,"name":"Shaded","section":"Shading Mode"},"sceneLighting":true,"audioPlay":false,"sceneViewState":{"showFog":true,"showMaterialUpdate":false,"showSkybox":true,"showFlares":true,"showImageEffects":true,"showParticleSystems":true},"in2DMode":false,"pivot":{"x":-13.442708969116211,"y":0.3499361276626587,"z":-6.422396659851074},"rotation":{"x":-0.01443189475685358,"y":-0.9809104204177856,"z":0.17728488147258759,"w":-0.07955921441316605},"size":4.341658592224121,"orthographic":false}