{"cameraMode":{"drawMode":0,"name":"Shaded","section":"Shading Mode"},"sceneLighting":false,"audioPlay":false,"sceneViewState":{"showFog":false,"showMaterialUpdate":false,"showSkybox":false,"showFlares":false,"showImageEffects":false,"showParticleSystems":false},"in2DMode":false,"pivot":{"x":-15.855417251586914,"y":0.9314805269241333,"z":-1.1619436740875245},"rotation":{"x":0.1539737731218338,"y":0.7794327735900879,"z":-0.2093222439289093,"w":0.5704569816589356},"size":4.079484939575195,"orthographic":false}