{"cameraMode":{"drawMode":0,"name":"Shaded","section":"Shading Mode"},"sceneLighting":true,"audioPlay":false,"sceneViewState":{"showFog":false,"showMaterialUpdate":false,"showSkybox":false,"showFlares":false,"showImageEffects":false,"showParticleSystems":false},"in2DMode":false,"pivot":{"x":-33.61245346069336,"y":-0.8863629102706909,"z":-6.639760971069336},"rotation":{"x":-0.035759858787059787,"y":0.7598922848701477,"z":-0.04282738268375397,"w":-0.647976815700531},"size":21.9554500579834,"orthographic":false}