{"cameraMode":{"drawMode":0,"name":"Shaded","section":"Shading Mode"},"sceneLighting":true,"audioPlay":false,"sceneViewState":{"showFog":false,"showMaterialUpdate":false,"showSkybox":false,"showFlares":false,"showImageEffects":false,"showParticleSystems":false},"in2DMode":false,"pivot":{"x":-13.137343406677246,"y":0.4617941975593567,"z":-2.142676591873169},"rotation":{"x":-0.008607358671724797,"y":0.9075548648834229,"z":-0.019499817863106729,"w":-0.4199177622795105},"size":0.7160756587982178,"orthographic":false}