{"cameraMode":{"drawMode":0,"name":"Shaded","section":"Shading Mode"},"sceneLighting":true,"audioPlay":false,"sceneViewState":{"showFog":false,"showMaterialUpdate":false,"showSkybox":false,"showFlares":false,"showImageEffects":false,"showParticleSystems":false},"in2DMode":false,"pivot":{"x":-11.295171737670899,"y":1.3142592906951905,"z":-3.940005302429199},"rotation":{"x":0.18633487820625306,"y":0.06799283623695374,"z":-0.012394906021654606,"w":0.9802712798118591},"size":8.024505615234375,"orthographic":false}