{"cameraMode":{"drawMode":0,"name":"Shaded","section":"Shading Mode"},"sceneLighting":true,"audioPlay":false,"sceneViewState":{"showFog":false,"showMaterialUpdate":false,"showSkybox":true,"showFlares":false,"showImageEffects":false,"showParticleSystems":false},"in2DMode":false,"pivot":{"x":-17.472185134887697,"y":3.429348945617676,"z":0.4288371503353119},"rotation":{"x":-0.09175948798656464,"y":-0.9059953689575195,"z":0.2594752609729767,"w":-0.32274067401885989},"size":2.5410635471343996,"orthographic":false}