{"cameraMode":{"drawMode":0,"name":"Shaded","section":"Shading Mode"},"sceneLighting":true,"audioPlay":false,"sceneViewState":{"showFog":false,"showMaterialUpdate":false,"showSkybox":false,"showFlares":false,"showImageEffects":false,"showParticleSystems":false},"in2DMode":false,"pivot":{"x":-12.532973289489746,"y":1.107077956199646,"z":-0.32276296615600588},"rotation":{"x":-0.008330091834068299,"y":0.9577689170837402,"z":-0.029145920649170877,"w":-0.2867087423801422},"size":0.7160756587982178,"orthographic":false}