{"cameraMode":{"drawMode":0,"name":"Shaded","section":"Shading Mode"},"sceneLighting":true,"audioPlay":false,"sceneViewState":{"showFog":false,"showMaterialUpdate":false,"showSkybox":false,"showFlares":false,"showImageEffects":false,"showParticleSystems":false},"in2DMode":false,"pivot":{"x":-12.109436988830567,"y":3.623934507369995,"z":-2.601447820663452},"rotation":{"x":0.1040487214922905,"y":0.6335718035697937,"z":-0.08590507507324219,"w":0.7621443271636963},"size":0.49502962827682497,"orthographic":false}