{"cameraMode":{"drawMode":0,"name":"Shaded","section":"Shading Mode"},"sceneLighting":false,"audioPlay":false,"sceneViewState":{"showFog":true,"showMaterialUpdate":false,"showSkybox":false,"showFlares":true,"showImageEffects":true,"showParticleSystems":true},"in2DMode":false,"pivot":{"x":-0.4520324170589447,"y":1.395666241645813,"z":0.4078369140625},"rotation":{"x":0.009436308406293393,"y":-0.8689814805984497,"z":-0.01671138033270836,"w":-0.49460139870643618},"size":0.7416588664054871,"orthographic":false}