{"cameraMode":{"drawMode":0,"name":"Shaded","section":"Shading Mode"},"sceneLighting":true,"audioPlay":false,"sceneViewState":{"showFog":false,"showMaterialUpdate":false,"showSkybox":false,"showFlares":false,"showImageEffects":false,"showParticleSystems":false},"in2DMode":false,"pivot":{"x":-32.0670051574707,"y":-2.023062229156494,"z":1.7041926383972169},"rotation":{"x":-0.06857255846261978,"y":0.5924876928329468,"z":-0.051441460847854617,"w":-0.8012699484825134},"size":21.9554500579834,"orthographic":false}