{"cameraMode":{"drawMode":0,"name":"Shaded","section":"Shading Mode"},"sceneLighting":true,"audioPlay":false,"sceneViewState":{"showFog":false,"showMaterialUpdate":false,"showSkybox":false,"showFlares":false,"showImageEffects":false,"showParticleSystems":false},"in2DMode":false,"pivot":{"x":5.371759414672852,"y":-3.72690749168396,"z":-2.999636650085449},"rotation":{"x":0.08955908566713333,"y":0.7312260270118713,"z":-0.09690327942371369,"w":0.6695594191551209},"size":21.010000228881837,"orthographic":false}