{"cameraMode":{"drawMode":0,"name":"Shaded","section":"Shading Mode"},"sceneLighting":true,"audioPlay":false,"sceneViewState":{"showFog":false,"showMaterialUpdate":false,"showSkybox":false,"showFlares":false,"showImageEffects":false,"showParticleSystems":false},"in2DMode":false,"pivot":{"x":-15.067022323608399,"y":0.64898681640625,"z":-1.7896549701690674},"rotation":{"x":-0.05927227810025215,"y":0.6092682480812073,"z":-0.04637197405099869,"w":-0.7897018194198608},"size":4.286081790924072,"orthographic":false}