{"cameraMode":{"drawMode":0,"name":"Shaded","section":"Shading Mode"},"sceneLighting":true,"audioPlay":false,"sceneViewState":{"showFog":false,"showMaterialUpdate":false,"showSkybox":false,"showFlares":false,"showImageEffects":false,"showParticleSystems":false},"in2DMode":false,"pivot":{"x":-10.038765907287598,"y":-0.44581806659698489,"z":2.2175660133361818},"rotation":{"x":0.1430625319480896,"y":0.17738953232765199,"z":-0.025537963956594468,"w":0.9735726118087769},"size":6.98921537399292,"orthographic":false}