{"cameraMode":{"drawMode":0,"name":"Shaded","section":"Shading Mode"},"sceneLighting":true,"audioPlay":false,"sceneViewState":{"showFog":false,"showMaterialUpdate":false,"showSkybox":true,"showFlares":false,"showImageEffects":false,"showParticleSystems":false},"in2DMode":false,"pivot":{"x":2.3464367389678957,"y":-2.1380488872528078,"z":-1.9956624507904053},"rotation":{"x":-0.06462766230106354,"y":-0.9292351603507996,"z":0.30577436089515688,"w":-0.19923320412635804},"size":8.559063911437989,"orthographic":false}